{"c": 0.11822211674100361, "home_adv": 0.2731251482345293, "att": {"Abkhazia": 0.1257700704196819, "Afghanistan": -0.19181639678626733, "Albania": -0.18049778085602802, "Alderney": -0.1078893147076035, "Algeria": 0.8226311223064374, "Andorra": -0.7678408553853516, "Angola": -0.035410730094484616, "Anguilla": -0.7471785309198341, "Antigua and Barbuda": -0.12086807886694907, "Argentina": 0.647254916103205, "Armenia": -0.12131216356556826, "Aruba": -0.2864477522295866, "Australia": 0.5790156004120418, "Austria": 0.3460894852981264, "Azerbaijan": -0.32332236029497763, "Bahamas": -0.6615305019474889, "Bahrain": 0.36219274058856177, "Bangladesh": -0.7355708392961584, "Barawa": -0.015695504631368457, "Barbados": -0.3593535471458047, "Belarus": -0.10039547073303816, "Belgium": 0.8873180290233093, "Belize": -0.29003033509446774, "Benin": -0.24174116399652615, "Bermuda": 0.4054265053973585, "Bhutan": -0.48163409185318895, "Bolivia": 0.31513773695954767, "Bonaire": -0.17371965850147822, "Bosnia and Herzegovina": -0.09551472125311111, "Botswana": -0.21014879860060676, "Brazil": 0.6973338399042807, "British Virgin Islands": -0.6671149338462042, "Brunei": -0.31811650008719394, "Bulgaria": -0.09654234471483479, "Burkina Faso": 0.07192946448670232, "Burundi": 0.1281352420525595, "Cambodia": -0.39119488512699613, "Cameroon": 0.20398226734747626, "Canada": 0.8837309740645518, "Cape Verde": -0.027410910848889414, "Cayman Islands": -0.5466584897431512, "Central African Republic": -0.2715297887087339, "Chad": -0.5703087856714426, "Chagos Islands": -0.0971498512355602, "Chile": 0.23686978897625652, "China": 0.4556852715736512, "Colombia": 0.29751645648535346, "Comoros": 0.05753247566518234, "Congo": -0.2727070884680304, "Costa Rica": 0.00211913364083383, "Croatia": 0.5304809333646979, "Cuba": -0.0964031407765622, "Cura\u00e7ao": 0.24838020438974415, "Cyprus": -0.614999249431914, "Czech Republic": 0.4542637087504127, "DR Congo": 0.06388125756839856, "Denmark": 0.6499132740799334, "Djibouti": -0.30636398355438954, "Dominica": -0.3520114034901523, "Dominican Republic": -0.26062807302922514, "Ecuador": 0.469854002224989, "Egypt": 0.37096048746295324, "El Salvador": 0.014715729887982972, "Ellan Vannin": 0.036248601512620965, "England": 0.74786802996968, "Equatorial Guinea": -0.03139167401330539, "Estonia": -0.23364093140347003, "Eswatini": -0.16686361777045375, "Ethiopia": 0.09340538351521672, "Faroe Islands": -0.32930447316757444, "Felvid\u00e9k": -0.023835777823882794, "Fiji": 0.14563701837873905, "Finland": 0.03127374521146094, "France": 0.7903862346564573, "French Guiana": 0.07346083911271079, "Gabon": 0.11637029205163818, "Gambia": -0.09338474864043579, "Georgia": -0.14854453343947321, "Germany": 0.8545623476169486, "Ghana": 0.1485740693715014, "Gibraltar": -0.9243315565452264, "Greece": 0.0013779410769794438, "Grenada": -0.50506703444504, "Guadeloupe": -0.014829087767049859, "Guam": -0.8953525155194156, "Guatemala": 0.3049141328240552, "Guernsey": 0.09973603472245518, "Guinea": -0.07772538392766169, "Guinea-Bissau": -0.0465371272893589, "Guyana": -0.13843668501199505, "Haiti": 0.46802098933643893, "Hitra": 0.09254400399313238, "Honduras": 0.16715115335453537, "Hong Kong": -0.44878729743316476, "Hungary": 0.07812989191360878, "Iceland": 0.011925775842255503, "India": -0.17632038705439682, "Indonesia": 0.13592700323462026, "Iran": 0.6982153848354673, "Iraq": -0.021467900654964747, "Isle of Man": 0.6706726861745445, "Israel": 0.47145460410859413, "Italy": 0.599323581412708, "Ivory Coast": 0.37460400965107526, "Jamaica": 0.21267275381180203, "Japan": 0.6698305962878801, "Jersey": 0.22135496464691753, "Jordan": 0.1749035960585479, "Kazakhstan": -0.3509841250436474, "Kenya": -0.047670963781282896, "Kosovo": -0.071935746524738, "Kuwait": -0.22853933271971394, "Kyrgyzstan": 0.2625979971990761, "K\u00e1rp\u00e1talja": 0.11473306284282976, "Laos": -0.8485503529369208, "Latvia": -0.2802382406971808, "Lebanon": -0.2600889649529618, "Lesotho": -0.4496193665330122, "Liberia": -0.2741357244927309, "Libya": -0.2001217872184873, "Liechtenstein": -0.9569023592928279, "Lithuania": -0.42511065236154294, "Luxembourg": -0.2482386218513391, "Macau": -0.35455803564137484, "Madagascar": -0.22936263796057882, "Malawi": -0.34626934421137295, "Malaysia": -0.12755772872149762, "Maldives": -0.48519486479442214, "Mali": 0.3835749878585688, "Malta": -0.33668010714198454, "Martinique": 0.14912947978563174, "Mauritania": -0.2504548239638778, "Mauritius": -0.3277793249595342, "Mayotte": 0.007678282427024847, "Menorca": 0.0752479714576127, "Mexico": 0.7063652196153061, "Moldova": -0.7862878707326594, "Mongolia": -0.46205447344011136, "Montenegro": -0.15165594895281384, "Montserrat": 0.041659459784562966, "Morocco": 0.5825854147911368, "Mozambique": -0.2919378874651196, "Myanmar": -0.45709134739299945, "Namibia": 0.01986886754017904, "Nepal": -0.49192126722264873, "Netherlands": 0.6610148272325367, "New Caledonia": 0.20952355539158365, "New Zealand": 0.25043916079170275, "Nicaragua": -0.05416075040173479, "Niger": -0.04564151663947872, "Nigeria": 0.11806145381176197, "North Korea": 0.008990417304950558, "North Macedonia": 0.2540423541082283, "Northern Cyprus": 0.2400488652853246, "Northern Ireland": -0.13696209801620235, "Norway": 0.1469768788680313, "Oman": 0.2351719720728816, "Padania": 0.252046436857086, "Pakistan": -0.26843991724648114, "Palestine": 0.20517995643554876, "Panama": 0.4486272174185248, "Panjab": 0.3160412230953359, "Papua New Guinea": 0.23606492391700393, "Paraguay": 0.023705937598650518, "Peru": 0.3616788521894578, "Philippines": 0.07346961992931139, "Poland": 0.519457033518549, "Portugal": 0.7471511923368328, "Puerto Rico": -0.08941463604715812, "Qatar": 0.44840182874728746, "Republic of Ireland": 0.12665484293389426, "Romania": 0.03675900085668694, "Russia": 0.27463862054502836, "Rwanda": -0.1635968562251353, "Saint Kitts and Nevis": -0.019960587594334566, "Saint Lucia": -0.2680581442079847, "Saint Martin": -0.2833142847402184, "Saint Vincent and the Grenadines": -0.33283681327800574, "San Marino": -1.2910928388491993, "Saudi Arabia": 0.3049898260701313, "Scotland": 0.041964890907600624, "Senegal": 0.4005742545343536, "Serbia": 0.5632389941957237, "Seychelles": -0.4638277136907483, "Shetland": -0.07339640868311227, "Sierra Leone": -0.276202359326103, "Singapore": -0.4165248469700436, "Sint Maarten": -0.3489099318200665, "Slovakia": 0.18247155804112541, "Slovenia": 0.021683333134648552, "Solomon Islands": 0.3572542636775865, "South Africa": 0.014160897371814299, "South Korea": 0.3654049741172092, "South Ossetia": 0.08032134763428496, "South Sudan": -0.41516162420332525, "Spain": 0.7520693305167258, "Sri Lanka": -0.4898167452917741, "Sudan": -0.07740592640185152, "Suriname": 0.37409307536982667, "Sweden": 0.3383096355597794, "Switzerland": 0.6373503571427233, "Syria": 0.22104728255894404, "Sz\u00e9kely Land": 0.05952253582342526, "S\u00e1pmi": -0.020494723176133378, "S\u00e3o Tom\u00e9 and Pr\u00edncipe": -0.16355653211559695, "Tahiti": 0.11274885312711871, "Taiwan": -0.5350738775002106, "Tajikistan": -0.0996856980349015, "Tamil Eelam": -0.0490500870627855, "Tanzania": -0.23242461587546703, "Thailand": 0.07251255740808162, "Timor-Leste": -0.8626557619531597, "Togo": -0.22657386607024269, "Tonga": -0.17888122681905033, "Trinidad and Tobago": 0.09593139816789038, "Tunisia": 0.39622164363746143, "Turkey": 0.3485166553514288, "Turkmenistan": 0.06769704005858142, "Turks and Caicos Islands": -0.4532763523591815, "Tuvalu": -0.20738442814993094, "Uganda": -0.2676037131882349, "Ukraine": 0.267038074229614, "United Arab Emirates": 0.3326548263815007, "United Koreans in Japan": -0.03915595098977424, "United States": 0.7239142804381228, "United States Virgin Islands": -0.8615899925613174, "Uruguay": 0.2332313342585131, "Uzbekistan": 0.2582252309182184, "Vanuatu": 0.23859760994957646, "Venezuela": 0.057843178823964045, "Vietnam": -0.05706137349532808, "Wales": 0.14017629337633272,