{"a": 0.2906772885101516, "b": 0.19563087957381536}