{"half_split": 0.4507, "weights": [0.008563, 0.008621, 0.008678, 0.008736, 0.008794, 0.008851, 0.008909, 0.008967, 0.009025, 0.009082, 0.00914, 0.009198, 0.009256, 0.009313, 0.009371, 0.009429, 0.009486, 0.009544, 0.009602, 0.00966, 0.009717, 0.009775, 0.009833, 0.009891, 0.009948, 0.010006, 0.010064, 0.010121, 0.010179, 0.010237, 0.010295, 0.010352, 0.01041, 0.010468, 0.010525, 0.010583, 0.010641, 0.010699, 0.010756, 0.010814, 0.012503, 0.012569, 0.012635, 0.012702, 0.012768, 0.010512, 0.010567, 0.010621, 0.010676, 0.01073, 0.010784, 0.010839, 0.010893, 0.010947, 0.011002, 0.011056, 0.011111, 0.011165, 0.011219, 0.011274, 0.011328, 0.011382, 0.011437, 0.011491, 0.011546, 0.0116, 0.011654, 0.011709, 0.011763, 0.011817, 0.011872, 0.011926, 0.011981, 0.012035, 0.012089, 0.012144, 0.012198, 0.012252, 0.012307, 0.012361, 0.012416, 0.01247, 0.012524, 0.012579, 0.012633, 0.017128, 0.017201, 0.017275, 0.017348, 0.017422], "source": "half-split fitted on 9k club matches; within-half shape from goal-by-minute literature"}