{"CZE": {"elo": 1804.5122843405793, "pi_home": 1.362132098449336, "pi_away": 1.0921458902672814, "form5_pts": 2.2, "gf5": 3.4, "ga5": 1.2, "dataset_name": "Czech Republic"}, "MEX": {"elo": 1977.442890444707, "pi_home": 1.8235313491617653, "pi_away": 1.8317343620198658, "form5_pts": 2.2, "gf5": 1.8, "ga5": 0.4, "dataset_name": "Mexico"}, "RSA": {"elo": 1662.2900742991137, "pi_home": 0.7665512659727574, "pi_away": 0.6863738277994336, "form5_pts": 1.0, "gf5": 0.8, "ga5": 1.0, "dataset_name": "South Africa"}, "KOR": {"elo": 1880.8302804542893, "pi_home": 1.7612942045810547, "pi_away": 1.4027077817468416, "form5_pts": 1.8, "gf5": 1.4, "ga5": 1.0, "dataset_name": "South Korea"}, "BIH": {"elo": 1654.6122807011188, "pi_home": 0.598553256692922, "pi_away": 0.5447791234386534, "form5_pts": 1.0, "gf5": 0.8, "ga5": 0.8, "dataset_name": "Bosnia and Herzegovina"}, "CAN": {"elo": 1899.6313567091768, "pi_home": 1.7791995607609377, "pi_away": 1.3981688774537822, "form5_pts": 1.8, "gf5": 1.4, "ga5": 0.6, "dataset_name": "Canada"}, "QAT": {"elo": 1583.485888858612, "pi_home": 0.6502949748278126, "pi_away": 0.1766682136887898, "form5_pts": 0.4, "gf5": 0.2, "ga5": 1.2, "dataset_name": "Qatar"}, "SUI": {"elo": 1953.1164790414707, "pi_home": 1.9400437796328769, "pi_away": 1.6440493484140217, "form5_pts": 1.2, "gf5": 1.8, "ga5": 1.4, "dataset_name": "Switzerland"}, "BRA": {"elo": 2055.2924904455635, "pi_home": 2.663948739376566, "pi_away": 2.562010314220295, "form5_pts": 2.0, "gf5": 2.6, "ga5": 1.4, "dataset_name": "Brazil"}, "MAR": {"elo": 1992.553561220817, "pi_home": 2.0095777642622346, "pi_away": 1.432218276096053, "form5_pts": 2.2, "gf5": 2.6, "ga5": 0.6, "dataset_name": "Morocco"}, "HAI": {"elo": 1690.8848903401338, "pi_home": 0.8629369713514206, "pi_away": 0.9109525397749049, "form5_pts": 1.4, "gf5": 1.6, "ga5": 0.8, "dataset_name": "Haiti"}, "SCO": {"elo": 1849.2213615017145, "pi_home": 1.2717782056575593, "pi_away": 0.9365025178097022, "form5_pts": 1.8, "gf5": 2.4, "ga5": 1.0, "dataset_name": "Scotland"}, "TUR": {"elo": 1966.0785815482395, "pi_home": 1.4400240747158157, "pi_away": 1.4718623009047795, "form5_pts": 2.6, "gf5": 2.0, "ga5": 0.6, "dataset_name": "Turkey"}, "USA": {"elo": 1854.5511015656475, "pi_home": 1.8477901631033087, "pi_away": 1.072086282496287, "form5_pts": 1.2, "gf5": 2.2, "ga5": 2.4, "dataset_name": "United States"}, "PAR": {"elo": 1906.7424530380115, "pi_home": 1.5836288204304716, "pi_away": 1.278499141961486, "form5_pts": 1.8, "gf5": 1.8, "ga5": 1.0, "dataset_name": "Paraguay"}, "AUS": {"elo": 1900.5549074860928, "pi_home": 2.0149224397873917, "pi_away": 1.4041798092757627, "form5_pts": 1.4, "gf5": 1.4, "ga5": 1.2, "dataset_name": "Australia"}, "GER": {"elo": 2012.4555633205866, "pi_home": 2.402898619791262, "pi_away": 2.1575071270749215, "form5_pts": 3.0, "gf5": 3.6, "ga5": 1.0, "dataset_name": "Germany"}, "CUW": {"elo": 1601.1718487309997, "pi_home": 0.6000568442431348, "pi_away": -0.11142319676756947, "form5_pts": 0.8, "gf5": 1.2, "ga5": 2.2, "dataset_name": "Cura\u00e7ao"}, "CIV": {"elo": 1802.8936173557609, "pi_home": 1.4812533378807777, "pi_away": 1.106596235463293, "form5_pts": 2.4, "gf5": 2.4, "ga5": 0.8, "dataset_name": "Ivory Coast"}, "ECU": {"elo": 2015.6494583061688, "pi_home": 2.1542530118523926, "pi_away": 1.6298620653246811, "form5_pts": 2.2, "gf5": 1.8, "ga5": 0.6, "dataset_name": "Ecuador"}, "SWE": {"elo": 1772.493036682301, "pi_home": 1.4774427904829186, "pi_away": 0.9570505783810661, "form5_pts": 1.6, "gf5": 2.0, "ga5": 1.8, "dataset_name": "Sweden"}, "NED": {"elo": 2012.4556402531664, "pi_home": 2.3824235844916464, "pi_away": 2.0342201235182387, "form5_pts": 2.0, "gf5": 1.8, "ga5": 0.8, "dataset_name": "Netherlands"}, "JPN": {"elo": 1997.2785125170406, "pi_home": 2.4374483870490207, "pi_away": 2.23890464790939, "form5_pts": 3.0, "gf5": 1.6, "ga5": 0.0, "dataset_name": "Japan"}, "TUN": {"elo": 1750.5997863086677, "pi_home": 1.32884764942105, "pi_away": 0.9339088076897921, "form5_pts": 1.0, "gf5": 0.4, "ga5": 1.4, "dataset_name": "Tunisia"}, "BEL": {"elo": 1950.9129995862752, "pi_home": 2.5507253513564514, "pi_away": 1.9406428958239748, "form5_pts": 2.6, "gf5": 4.0, "ga5": 0.6, "dataset_name": "Belgium"}, "EGY": {"elo": 1787.2311631419564, "pi_home": 1.3928802079171119, "pi_away": 0.8850364140710992, "form5_pts": 1.6, "gf5": 1.2, "ga5": 0.4, "dataset_name": "Egypt"}, "IRN": {"elo": 1894.3588758985454, "pi_home": 1.7958807706438795, "pi_away": 1.595637778403717, "form5_pts": 2.0, "gf5": 2.2, "ga5": 0.6, "dataset_name": "Iran"}, "NZL": {"elo": 1723.892706967804, "pi_home": 2.012397432614852, "pi_away": 0.7672282162586704, "form5_pts": 0.6, "gf5": 0.8, "ga5": 2.0, "dataset_name": "New Zealand"}, "ESP": {"elo": 2209.0851971510137, "pi_home": 2.9855320936415657, "pi_away": 2.4387650067712814, "form5_pts": 1.8, "gf5": 1.8, "ga5": 0.8, "dataset_name": "Spain"}, "CPV": {"elo": 1638.586863555841, "pi_home": 0.6691233689799871, "pi_away": 0.25340284960111115, "form5_pts": 1.0, "gf5": 1.4, "ga5": 1.8, "dataset_name": "Cape Verde"}, "KSA": {"elo": 1697.809643132221, "pi_home": 0.804356591700855, "pi_away": 0.8945511513205862, "form5_pts": 0.8, "gf5": 1.0, "ga5": 1.6, "dataset_name": "Saudi Arabia"}, "URY": {"elo": 1963.994778165894, "pi_home": 2.220077212742665, "pi_away": 1.7188100010128315, "form5_pts": 1.2, "gf5": 0.8, "ga5": 1.4, "dataset_name": "Uruguay"}, "IRQ": {"elo": 1738.819174596865, "pi_home": 0.7864800123695732, "pi_away": 0.7418856912135176, "form5_pts": 1.4, "gf5": 0.8, "ga5": 1.0, "dataset_name": "Iraq"}, "FRA": {"elo": 2117.3464584295884, "pi_home": 2.536605776125009, "pi_away": 2.262609506552876, "form5_pts": 2.4, "gf5": 2.4, "ga5": 1.2, "dataset_name": "France"}, "SEN": {"elo": 1897.873623131099, "pi_home": 1.632496523042606, "pi_away": 1.4962097926697737, "form5_pts": 1.4, "gf5": 1.4, "ga5": 1.4, "dataset_name": "Senegal"}, "NOR": {"elo": 1973.1289236505352, "pi_home": 1.7463896169250952, "pi_away": 1.4088505794454083, "form5_pts": 1.6, "gf5": 1.8, "ga5": 1.0, "dataset_name": "Norway"}, "ARG": {"elo": 2177.8033626725746, "pi_home": 2.8913133339983865, "pi_away": 2.599400299819674, "form5_pts": 3.0, "gf5": 2.8, "ga5": 0.2, "dataset_name": "Argentina"}, "ALG": {"elo": 1889.1866914221464, "pi_home": 1.7713204936109677, "pi_away": 1.5738948855117334, "form5_pts": 2.0, "gf5": 2.4, "ga5": 0.4, "dataset_name": "Algeria"}, "AUT": {"elo": 1890.598379719266, "pi_home": 1.7150131315823585, "pi_away": 1.2922206770306355, "form5_pts": 2.6, "gf5": 2.0, "ga5": 0.4, "dataset_name": "Austria"}, "JOR": {"elo": 1772.1096347355033, "pi_home": 1.1170720907496556, "pi_away": 0.7533130674639287, "form5_pts": 0.4, "gf5": 1.4, "ga5": 2.6, "dataset_name": "Jordan"}, "COD": {"elo": 1745.9566914560207, "pi_home": 0.928054143046582, "pi_away": 0.7704670474115675, "form5_pts": 1.4, "gf5": 0.8, "ga5": 0.6, "dataset_name": "DR Congo"}, "POR": {"elo": 2038.543088331318, "pi_home": 2.612555439131442, "pi_away": 2.0599266400747225, "form5_pts": 2.6, "gf5": 3.0, "ga5": 0.6, "dataset_name": "Portugal"}, "UZB": {"elo": 1825.366533383595, "pi_home": 1.4979418425432596, "pi_away": 0.9398188827944707, "form5_pts": 1.0, "gf5": 1.2, "ga5": 1.4, "dataset_name": "Uzbekistan"}, "COL": {"elo": 2052.943948321956, "pi_home": 2.182173486671955, "pi_away": 2.3794044108113463, "form5_pts": 1.8, "gf5": 2.0, "ga5": 1.2, "dataset_name": "Colombia"}, "ENG": {"elo": 2086.4686681609955, "pi_home": 2.3473934325366725, "pi_away": 2.3887297863817003, "form5_pts": 2.0, "gf5": 1.4, "ga5": 0.4, "dataset_name": "England"}, "CRO": {"elo": 1965.14158035278, "pi_home": 1.8202982961506016, "pi_away": 1.612224812958659, "form5_pts": 1.8, "gf5": 1.6, "ga5": 1.8, "dataset_name": "Croatia"}, "GHA": {"elo": 1628.046345097986, "pi_home": 0.8499827744938625, "pi_away": 0.5272598797813676, "form5_pts": 0.2, "gf5": 0.6, "ga5": 2.2, "dataset_name": "Ghana"}, "PAN": {"elo": 1842.8609089238853, "pi_home": 1.3775639152323484, "pi_away": 0.9294367534680219, "form5_pts": 1.6, "gf5": 2.0,